{"testvalueMulti":2.064773121254e+88,"testvalueBase":1.3525802459123,"ironamount":1.5726566594915e+134}